Filename,Depth (microns),White pixels,Black pixels,White percent
MASK_Sk658 Llobe ch010022.jpg,80,33151,4161153,0.7903814315795898
MASK_Sk658 Llobe ch010032.jpg,500,48667,4145637,1.1603116989135742
MASK_Sk658 Llobe ch010171.jpg,810,57531,4136773,1.3716459274291992
MASK_Sk658 Llobe ch010164.jpg,2200,65021,4129283,1.5502214431762695
