Filename,Depth (microns),White pixels,Black pixels,White percent
MASK_Sk658 Llobe ch010021.jpg,30,23900,4170404,0.5698204040527344
MASK_Sk658 Llobe ch010017.jpg,45,27561,4166743,0.6571054458618164
MASK_Sk658 Llobe ch010019.jpg,60,31331,4162973,0.7469892501831055
MASK_Sk658 Llobe ch010022.jpg,80,33151,4161153,0.7903814315795898
MASK_Sk658 Llobe ch010018.jpg,90,33746,4160558,0.8045673370361328
MASK_Sk658 Llobe ch010023.jpg,100,37508,4156796,0.8942604064941406
